{"loss": 2.0121326446533203, "_timestamp": 1714926612.8296883, "_runtime": 149.26975226402283, "_step": 19, "_wandb": {"runtime": 155}}